{"list": {"date_to": "2020-05-09 02:00", "date_from": "2020-05-10 04:00", "processed": "false"}}{"list": {"api": ["42127348000000"], "date_to": "2020-05-08 05:00", "date_from": "2020-05-13 21:00", "well_item": ["CHAPARRAL WILDLIFE STATE 9H", "CHAPARRAL WILDLIFE STATE 11H", "CHAPARRAL WILDLIFE STATE 12H", "CHAPARRAL WILDLIFE STATE 10H"], "processed": "false"}}{"list": {"date_to": " ", "date_from": " ", "processed": "false"}}{"list": {"date_to": " ", "date_from": " ", "processed": "false"}}{"list": {"api": ["42127348050000"], "date_to": "2020-05-05 04:00", "date_from": "2020-05-13 04:00", "processed": "false"}}{"list": {"api": ["42469340940000"], "date_to": "2020-05-09 02:00", "date_from": "2020-05-10 03:00", "processed": "false"}}{"list": {"api": ["42469340940000"], "date_to": "2020-05-09 02:00", "date_from": "2020-05-10 03:00", "processed": "false"}}{"list": {"api": ["42071324590000"], "date_to": "2020-05-07 03:00", "date_from": "2020-05-11 21:00", "processed": "false"}}{"api": ["42127348020000"], "date_from": "2020-04-13 02:24", "date_to": "2020-04-14 03:00", "processed": "false"}{"api": ["42127348020000"], "date_from": "2020-04-13 02:24", "date_to": "2020-04-14 03:00", "processed": "false"}